{"cameraMode":{"drawMode":0,"name":"Shaded","section":"Shading Mode"},"sceneLighting":true,"audioPlay":false,"sceneViewState":{"m_AlwaysRefresh":false,"showFog":true,"showSkybox":true,"showFlares":true,"showImageEffects":true,"showParticleSystems":true,"showVisualEffectGraphs":true,"m_FxEnabled":true},"in2DMode":false,"pivot":{"x":377.02471923828127,"y":286.0494689941406,"z":184.14263916015626},"rotation":{"x":-0.010185185819864273,"y":-0.03268396854400635,"z":-0.0003278668154962361,"w":0.9994307160377502},"size":505.3334655761719,"orthographic":false}